COMID,CAT_HLR_1,CAT_HLR_2,CAT_HLR_3,CAT_HLR_4,CAT_HLR_5,CAT_HLR_6,CAT_HLR_7,CAT_HLR_8,CAT_HLR_9,CAT_HLR_10,CAT_HLR_11,CAT_HLR_12,CAT_HLR_13,CAT_HLR_14,CAT_HLR_15,CAT_HLR_16,CAT_HLR_17,CAT_HLR_18,CAT_HLR_19,CAT_HLR_20,NODATA,source
3917070,0,0,0,0,0,0,0,0,0,0,0,3,0,0,0.27,0,96.73,0,0,0,0,HLR_CAT_CONUS
3917072,0,0,0,0,0,0,0,0,0,0,0,0,0,0,0,0,100,0,0,0,0,HLR_CAT_CONUS
3917082,0,0,0,0,0,0,0,0,0,0,0,0,0,0.42,99.58,0,0,0,0,0,0,HLR_CAT_CONUS
3917084,0,0,0,0,0,0,0,0,0,0,0,3.76,0,1.73,94.33,0,0.18,0,0,0,0,HLR_CAT_CONUS
3917106,0,0,0,0,0,0,0,0,0,0,0,0,0,0.98,98.27,0,0.75,0,0,0,0,HLR_CAT_CONUS
3917114,0,0,0,0,0,0,0,0,0,0,0,0,0,0,1.54,0,98.46,0,0,0,0,HLR_CAT_CONUS
3917130,0,0,0,0,0,0,0,0,0,0,0,0,0,0,3.02,0,96.98,0,0,0,0,HLR_CAT_CONUS
3917136,0,0,0,0,0,0,0,0,0,0,0,0,0,4.47,95.53,0,0,0,0,0,0,HLR_CAT_CONUS
3917138,0,0,0,0,0,0,0,0,0,0,0,0,0,0,100,0,0,0,0,0,0,HLR_CAT_CONUS
3917154,0,0,0,0,0,0,0,0,0,0,0,0.01,0,0,1.37,0,98.62,0,0,0,0,HLR_CAT_CONUS
3917156,0,0,0,0,0,0,0,0,0,0,0,0,0,0,0,0,100,0,0,0,0,HLR_CAT_CONUS
3917158,0,0,0,0,0,0,0,0,0,0,0,0,0,0,0,0,100,0,0,0,0,HLR_CAT_CONUS
3917160,0,0,0,0,0,0,0,0,0,0,0,0,0,0,0,0,100,0,0,0,0,HLR_CAT_CONUS
3917162,0,0,0,0,0,0,0,0,0,0,0,0,0,0,0.26,0,99.74,0,0,0,0,HLR_CAT_CONUS
3917164,0,0,0,0,0,0,0,0,0,0,0,0,0,0,0,0,100,0,0,0,0,HLR_CAT_CONUS
3917172,0,0,0,0,0,0,0,0,0,0,0,0,0,0,0,0,100,0,0,0,0,HLR_CAT_CONUS
3917176,0,0,0,0,0,0,0,0,0,0,0,0,0,0,0,0,100,0,0,0,0,HLR_CAT_CONUS
3917178,0,0,0,0,0,0,0,0,0,0,0,0,0,0,0.1,0,99.9,0,0,0,0,HLR_CAT_CONUS
3917194,0,0,0,0,0,0,0,0,0,0,0,0.75,0,0,99.25,0,0,0,0,0,0,HLR_CAT_CONUS
3917198,0,0,0,0,0,0,0,0,0,0,0,0,0,0,0,0,100,0,0,0,0,HLR_CAT_CONUS
3917200,0,0,0,0,0,0,0,0,0,0,0,0,0,0,0,0,100,0,0,0,0,HLR_CAT_CONUS
3917230,0,0,0,0,0,0,0,0,0,100,0,0,0,0,0,0,0,0,0,0,0,HLR_CAT_CONUS
3917244,0,0,0,0,5.15,0,0,0,0,92.1,0,0,2.74,0,0,0,0,0,0,0,0.01,HLR_CAT_CONUS
3917912,0,0,0,0,0,0,0,0,0,0,0,0,0,0,0,0,100,0,0,0,0,HLR_CAT_CONUS
3917914,0,0,0,0,0,0,0,0,0,0,0,0,0,5.29,94.71,0,0,0,0,0,0,HLR_CAT_CONUS
3917916,0,0,0,0,0,0,0,0,0,0,0,0,0,0,87.56,0,12.44,0,0,0,0,HLR_CAT_CONUS
3917918,0,0,0,0,0,0,0,0,0,0,0,0,0,0,0,0,100,0,0,0,0,HLR_CAT_CONUS
3917920,0,0,0,0,0,0,0,0,0,0,0,0,0.22,0,0,0,99.78,0,0,0,0,HLR_CAT_CONUS
3917922,0,0,0,0,0,0,0,0,0,0,0,0,95.92,0,0,0,4.08,0,0,0,0,HLR_CAT_CONUS
3917946,0,0,0,0,0,0,0,0,0,96.97,0,0,0,0,3.03,0,0,0,0,0,0,HLR_CAT_CONUS
3917948,0,0,0,0,14.04,0,0,0,0,28.31,0,0,1.64,0,0,0,56.02,0,0,0,-0.01,HLR_CAT_CONUS
3917950,0,0,0,0,36.87,0,0,0,0,27.22,0,0,19.67,0,15.69,0,0,0,0,0,0.55,HLR_CAT_CONUS
948010089,0,0,0,0,0,0,0,0,0,0,0,0,5.84,0,0,0,94.16,0,0,0,0,HLR_CAT_CONUS
